Title,Script Hook,Full Story Outline,Primary Source,Status
"The Atrahasis Epic Says We Weren't Created By God — And Reveals What We Were Actually Built For","What if the oldest story of human creation doesn't say we were made in love, but manufactured as a slave workforce?","Intro: The concept of human creation in ancient times. Middle: The Anunnaki force the lower Igigi gods to dig canals for 40 years. The Igigi rebel and burn their tools. End: The gods' solution is to execute We-ila and knead his blood with clay to make humans for forced labor.","Atrahasis","Idea"
"The Atrahasis Tablet Says The Gods Despised Us — And Names The Entity Executed To Build Humanity","To make the first humans, the ancient gods of Babylon didn't just use dust—they had to execute one of their own.","Intro: The divine strike of the Igigi gods. Middle: The assembly decides to kill We-ila, a god ""who had a mind."" His blood and flesh are kneaded with clay. End: The gruesome, mechanical reality of our creation in Sumerian myth.","Atrahasis","Idea"
"The Oldest Babylonian Text Reveals Heaven Ran On Forced Labor — And Describes The Midnight Strike That Changed Everything","Before humans even existed, the Babylonian gods went on strike because the work was just too hard.","Intro: The lower gods (Igigi) were treated as a working class by the Anunnaki. Middle: After 40 years of grueling canal digging, they march on the house of the chief god Enlil in the middle of the night. End: The strike succeeds, leading to the creation of humans as replacement workers.","Atrahasis","Idea"
"The Babylonian Flood Story Says We Weren't Drowned For Sinning — And Reveals The Disturbing Reason We Were Wiped Out","In the Babylonian story of the Great Flood, humanity wasn't destroyed for being evil. We were destroyed for being too loud.","Intro: Humanity multiplies after being created for labor. Middle: The noise of humans disrupts the sleep of the supreme god Enlil. End: Enlil gets annoyed and decides to wipe out the entire human race with a flood, just to get some peace and quiet.","Atrahasis","Idea"
"The Epic Of Gilgamesh Says One Human Survived The Flood — And Describes The Giant Structure He Used To Hide","Before Noah built his ark, a Babylonian man named Utnapishtim built a giant cube to survive the wrath of the gods.","Intro: The god Enki secretly warns Utnapishtim about Enlil's flood. Middle: Utnapishtim builds a massive, multi-tiered boat and loads it with animals and his family. End: The flood recedes, Enlil is furious his plan was thwarted, but eventually grants Utnapishtim immortality.","Epic of Gilgamesh","Idea"
"The Enuma Elish Says The Earth Is Made Of Flesh — And Names The Slain Monster Holding Up The Sky","In the Babylonian creation epic, the world isn't spoken into existence. It’s built from the corpse of a slaughtered sea monster.","Intro: The primordial salt water dragon Tiamat decides to destroy the younger gods. Middle: The storm god Marduk steps up to fight her, armed with a net and evil winds. End: Marduk shoots an arrow into her belly, splits her in half, and uses her body parts to create the earth and sky.","Enuma Elish","Idea"
"The Babylonian Creation Epic Describes The First Weapon Of Mass Destruction — And Reveals Who Actually Used It","When the Babylonian gods went to war, they didn't just use swords. They weaponized the weather itself.","Intro: How the Anunnaki fought their cosmic battles. Middle: Marduk's arsenal in the Enuma Elish includes the Imhullu (Evil Wind), the Seven Winds, and a net to ensnare his enemies. End: The concept of divine technology in ancient texts—not spaceships, but elemental fury.","Enuma Elish","Idea"
"The Oldest Written Story Describes A Terrifying King — And Reveals Why The Gods Had To Step In","Gilgamesh wasn't just a king. According to the oldest epic in history, he was two-thirds god and an absolute tyrant.","Intro: Gilgamesh rules Uruk with an iron fist, taking whatever he wants. Middle: The people cry out to the gods for relief from their own king. End: The gods decide the only way to stop him is to create an equal to fight him—the wild man Enkidu.","Epic of Gilgamesh","Idea"
"The Epic Of Gilgamesh Says The Gods Created A Beast To Stop A Tyrant — And Describes How They Finally Tamed Him","To stop a tyrant king, the gods created a hairy, wild man who lived among the beasts and drank from the watering holes.","Intro: The creation of Enkidu out of clay by the goddess Aruru. Middle: Enkidu protects the animals from hunters. A hunter sends a woman, Shamhat, to civilize him. End: After spending a week with her, the animals reject him, and he must enter the human world.","Epic of Gilgamesh","Idea"
"The Gilgamesh Epic Describes The First Battle Between Demigods — And Names What They Destroyed In The Streets","When the wild man Enkidu finally met the tyrant Gilgamesh, they didn't just shake hands. They tore the city apart in a wrestling match.","Intro: Enkidu travels to Uruk to stop Gilgamesh from claiming a new bride. Middle: They clash in the doorway and wrestle through the streets, shattering doorposts. End: Gilgamesh wins, but they gain immense respect for each other and become brothers-in-arms.","Epic of Gilgamesh","Idea"
"The Epic Of Gilgamesh Reveals A Forbidden Forest — And Describes The Nightmare The Gods Put There To Guard It","To make a name for themselves, Gilgamesh and Enkidu traveled to a forbidden forest to murder its monstrous guardian.","Intro: The heroes seek eternal glory by hunting Humbaba, a monster placed in the Cedar Forest by the gods. Middle: The terrifying journey and the battle with the fire-breathing guardian. End: Despite Humbaba begging for mercy, they execute him, angering the highest gods.","Epic of Gilgamesh","Idea"
"The Oldest Epic Says You Cannot Reject A Goddess — And Reveals The Colossal Beast Sent To Punish Humanity","When the Queen of Heaven proposed to Gilgamesh, he didn't just reject her. He roasted her entire dating history.","Intro: The goddess Ishtar offers Gilgamesh wealth and power to be her lover. Middle: Gilgamesh rejects her, listing the horrific fates of all her past lovers. End: Furious, Ishtar unleashes the Bull of Heaven that opens chasms swallowing hundreds of men.","Epic of Gilgamesh","Idea"
"The Gilgamesh Epic Describes What Happens When You Defy Heaven — And Names The Curse Sent To Kill The Hero","To get revenge on Gilgamesh, a rejected goddess unleashed a colossal bull that swallowed rivers and caused massive earthquakes.","Intro: Ishtar convinces her father to release the Bull of Heaven to destroy Uruk. Middle: The Bull's snorts open chasms that swallow hundreds of men. End: Gilgamesh and Enkidu tag-team the beast, kill it, and mock Ishtar by throwing its thigh at her.","Epic of Gilgamesh","Idea"
"The Epic Of Gilgamesh Says The Gods Demanded A Sacrifice — And Describes The Gruesome End Of The First Hero","Gilgamesh and Enkidu thought they were invincible. But when you humiliate the gods, someone has to pay the price.","Intro: The gods hold a council to punish the heroes for killing Humbaba and the Bull of Heaven. Middle: They decree that one must die, and the curse falls on Enkidu. End: Enkidu suffers a slow, agonizing death, leaving Gilgamesh terrified of his own mortality.","Epic of Gilgamesh","Idea"
"The Oldest Story Says The Greatest King Was Terrified Of Dying — And Describes The Animal Skins He Wore To Hide","Terrified of death, the most powerful king in the world abandoned his throne to find the secret to living forever.","Intro: Gilgamesh wanders the wilderness in mourning, wearing animal skins. Middle: He journeys to the edges of the earth, fighting scorpion-men and crossing the Waters of Death. End: He finally meets Utnapishtim, the only mortal granted eternal life.","Epic of Gilgamesh","Idea"
"The Epic Of Gilgamesh Reveals There Is A Plant That Cures Aging — And Names The Creature That Stole It From Us","Gilgamesh finally found a magical plant that could restore his youth. And then, he immediately lost it to a snake.","Intro: Utnapishtim tells Gilgamesh about a thorny plant at the bottom of the ocean that restores youth. Middle: Gilgamesh ties rocks to his feet, dives deep, and retrieves it. End: While bathing on the journey home, a snake steals it, shedding its skin and leaving the king to die mortal.","Epic of Gilgamesh","Idea"
"The Descent Of Inanna Says A Goddess Tried To Conquer Hell — And Describes The Gruesome Fate She Suffered","The Queen of Heaven had it all, but decided to conquer the Underworld. It was the biggest mistake of her immortal life.","Intro: Inanna/Ishtar descends into the realm of the dead, ruled by her dark sister Ereshkigal. Middle: At each of the seven gates, she is forced to strip off a piece of clothing and power. End: She arrives naked and powerless, and is struck dead and hung on a meat hook.","Descent of Inanna","Idea"
"The Sumerian Underworld Story Says Even Gods Can Die — And Reveals The Dirt-Creatures Sent To Rescue Them","When the Queen of Heaven died in the Underworld, she was saved by two genderless beings made entirely out of dirt.","Intro: Inanna is a corpse in the Underworld. The god Enki creates two beings from the dirt under his fingernails. Middle: Since they are neither male nor female, they bypass the rules, sneak in, and revive her. End: She escapes, but the demons demand a replacement soul.","Descent of Inanna","Idea"
"The Descent Of Inanna Says Nobody Leaves Hell For Free — And Names The Person She Sacrificed To Take Her Place","When Inanna escaped Hell, the demons demanded a replacement. She chose her own husband, because he wasn't mourning her.","Intro: Inanna returns to the surface surrounded by demons looking for her substitute. Middle: She finds her husband, Dumuzi, sitting on a throne wearing fine clothes instead of grieving. End: Furious, she points at him, and the demons drag him down to the Underworld.","Descent of Inanna","Idea"
"The Adapa Myth Reveals A Human Physically Attacked The Weather — And Describes What He Broke To Stop The Storms","A Babylonian fisherman got so annoyed by a storm that he literally grabbed the South Wind and broke its wings.","Intro: Adapa is a mortal priest who provides fish for the god Enki. Middle: A sudden squall overturns his boat. In a rage, Adapa curses the wind and breaks its wings, stopping the breeze globally. End: He is summoned to heaven to answer for his crime before Anu.","Adapa Myth","Idea"
"The Babylonian Texts Say Humanity Was Offered Eternal Life — And Reveals The Terrible Advice That Made Us Reject It","A man was offered the food and water of immortality by the gods, but refused to eat it because of a bad piece of advice.","Intro: Adapa stands trial in heaven. His patron god Enki warns him not to eat or drink anything, claiming it will be poison. Middle: Anu is impressed and offers him the actual food of eternal life. End: Adapa refuses it, dooming humanity to mortality forever.","Adapa Myth","Idea"
"The Myth Of Etana Says A Mortal Flew To Heaven Before Airplanes — And Describes The Giant Beast That Carried Him","Centuries before the Wright Brothers, a Sumerian king hitched a ride on a massive eagle to fly into heaven.","Intro: King Etana has no heir and needs the 'plant of birth' located in heaven. Middle: He rescues a starving eagle from a pit, who agrees to carry him up. End: As they fly higher, the earth looks like a speck. Etana panics and falls, though some versions say he succeeded.","Myth of Etana","Idea"
"The Sumerian Texts Reveal Why Humans Are Born With Flaws — And Describes The Drunken Bet That Caused It","Why do humans have disabilities? According to the Sumerians, the gods got drunk and had a contest to create weird people.","Intro: After humanity is created for labor, the gods Enki and Ninmah celebrate with too much beer. Middle: Ninmah claims she can alter human fate by making them flawed (blind, barren). End: Enki successfully assigns roles in society to each of her creations, winning the bet.","Enki and Ninmah","Idea"
"The Sumerian King List Says Human Lifespans Used To Be Impossible — And Reveals Exactly When We Were Downgraded","An ancient clay prism lists kings who ruled for 43,000 years each. And then, it says, 'the flood swept over'.","Intro: The Sumerian King List records the reigns of ancient rulers. Middle: The antediluvian kings have impossibly long lifespans, ruling for tens of thousands of years. End: After the Great Flood, the lifespans suddenly drop to normal human limits, sparking debate.","Sumerian King List","Idea"
"The Babylonian Astronomical Texts Say Nibiru Is 100% Real — And Reveals Exactly Where It Is Right Now","You’ve heard of Nibiru, the hidden 12th planet coming to destroy Earth. There’s just one problem: it’s actually Jupiter.","Intro: The internet myth of Nibiru and its 3,600-year orbit. Middle: Looking at the actual Babylonian astronomical text, MUL.APIN. End: How the word 'Nibiru' simply described Jupiter's crossing path in the sky, and how one 1976 book mistranslated it.","MUL.APIN","Idea"
"The Sumerian Tablets Say The Anunnaki Weren't Aliens — And Reveals The Terrifying Truth About Who They Really Were","If you search for the Anunnaki online, you’ll find ancient aliens in spaceships. But the real translation is far more interesting.","Intro: Address the Zecharia Sitchin alien narrative. Middle: Explain what the word 'Anunnaki' actually means (""offspring of An""). End: They were the aristocratic sky gods of the Sumerians, ruling over humanity with an iron fist, not extraterrestrials.","Sumerian Lexicon","Idea"
"Cylinder Seal VA 243 Does Not Show A Hidden Solar System — And Reveals What It Actually Depicts","Ancient alien theorists claim this 4,500-year-old cylinder seal shows the solar system. Here's what it actually shows.","Intro: Cylinder Seal VA 243 is famous on the internet for supposedly showing the sun and 11 planets. Middle: Break down the actual iconography. The central symbol is a star, not the sun, and the dots are just standard space fillers. End: How ignoring Akkadian symbols leads to fake history.","VA 243 Analysis","Idea"
"The Legend Of Sargon Says Moses Was Not The First Baby In A Basket — And Names The Emperor Who Actually Did It","Moses wasn't the first baby put in a basket on a river. That story was stolen from the world's first emperor.","Intro: The legendary birth of Sargon of Akkad. Middle: His mother, a high priestess, secretly birthed him and placed him in a reed basket sealed with pitch on the Euphrates River. End: He was rescued by a water-drawer and eventually conquered Mesopotamia to form the Akkadian Empire.","Legend of Sargon","Idea"
"The Epic Of Gilgamesh Says The Underworld Isn't A Fiery Hell — And Describes The Sickening Food The Dead Are Forced To Eat","In Mesopotamia, there was no heaven or hell based on how you lived. Everyone just went to a dark cave to eat dirt.","Intro: The Mesopotamian concept of the afterlife (Kur). Middle: Describe the grim reality: it is a dark, inescapable cavern where the dead have wings like birds and their only food is dust and clay. End: The terrifying lack of a 'good' afterlife made earthly glory paramount.","Epic of Gilgamesh","Idea"
"The Library Of Ashurbanipal Reveals Why We Still Have These Texts — And Describes The Fire That Accidentally Saved Them","The only reason we know any of these stories is because an ancient king decided to hoard every tablet in the world.","Intro: Ashurbanipal, the last great King of Assyria, was obsessed with reading. Middle: He sent scholars across the empire to confiscate and copy ancient texts, creating the world's first great library at Nineveh. End: The library was burned by invaders, which ironically baked the clay tablets, preserving them forever.","History of Nineveh","Idea"
"The Enuma Elish Says Babylon Was Not Built By Humans — And Names The Beings Who Baked The Bricks","Babylon wasn't just a city to the ancients. It was literally built by gods as a vacation home for the King of the Universe.","Intro: After defeating Tiamat, Marduk is named supreme ruler. Middle: The lesser gods, grateful for being saved, spend two years baking bricks. End: They build the massive city of Babylon and the Esagila temple purely as a resting place for Marduk.","Enuma Elish","Idea"
"The Sumerian Underworld Myth Says The Devil Was A Grieving Queen — And Describes What Made Her Scream In Agony","The ruler of the ancient Babylonian Hell wasn't a pitchfork-wielding demon, but a grieving queen who cried over the dead.","Intro: The paradoxical nature of Ereshkigal, Queen of the Underworld. Middle: Unlike modern devils, she views the dead as her ""children"" and constantly mourns those who die prematurely. End: She suffers continuous birth pangs out of empathy for the suffering of mortals trapped in her realm.","Sumerian Myths","Idea"
"The Myth Of Nergal Says Hell Was Conquered By A Sky God — And Describes The Brutal Way He Seized The Throne","The King of the Underworld wasn't born there. He was a sky god who got dragged to Hell by his hair.","Intro: Nergal, a hot-headed god of plague, insults Ereshkigal's messenger. Middle: Ereshkigal summons him to the underworld to be executed. End: Nergal pulls her off the throne by her hair, but they end up making a deal: he marries her and becomes co-ruler of Hell.","Nergal and Ereshkigal","Idea"
"The Epic Of Lugalbanda Says A Dying Prince Was Granted Superpowers — And Names The Storm Beast That Saved Him","Long before The Flash, a Sumerian prince was granted super speed by a monstrous bird made of lightning.","Intro: Prince Lugalbanda falls deathly ill during a military campaign and is left in a cave to die. Middle: He miraculously recovers and encounters the Anzu bird, a giant storm beast. End: By feeding its chicks, he earns the bird's favor and is granted the power to run across mountains at the speed of light.","Epic of Lugalbanda","Idea"
"The Myth Of Anzu Says The Object Controlling The Universe Was Stolen — And Reveals The Entity That Took It","Whoever holds the Tablets of Destiny controls the universe. And one day, a giant bird just swooped in and stole them.","Intro: The supreme god Enlil takes a bath, leaving the ultimate object of power unattended. Middle: The Anzu bird steals the tablets, stripping Enlil of his power and freezing the universe in chaos. End: The warrior god Ninurta must hunt down the bird to restore the cosmic order.","Myth of Anzu","Idea"
"The Epic Of Erra Says A God Wanted To Erase Humanity For No Reason — And Describes How He Tricked His Way Into Doing It","The Babylonian god of destruction didn't need a reason to wipe out cities. He just woke up one day and chose violence.","Intro: Erra (Nergal) grows bored and decides to ravage humanity. Middle: He tricks Marduk into leaving Babylon, leaving the city unprotected. End: Erra unleashes plagues and civil war, tearing the empire apart until his vizier finally calms him down.","Epic of Erra","Idea"
"The Babylonian God Of Destruction Found A Loophole To Wipe Us Out — And Reveals The Simple Trick That Made It Possible","How do you overthrow the most powerful god in the universe? You tell him his jewelry is looking a little dirty.","Intro: Erra wants to destroy Babylon but needs Marduk out of the way. Middle: Erra visits Marduk and points out that his divine statues and jewelry have lost their shine. End: Marduk leaves his throne to go find the craftsmen to clean his gear, allowing Erra to destroy the city.","Epic of Erra","Idea"
"The Curse Of Agade Says The First Empire Didn't Fall To An Army — And Names The 'Mountain Dogs' Sent To Eat It","The world's first empire didn't fall to a brilliant general. It was destroyed by mountain people who didn't know how to act human.","Intro: King Naram-Sin of Akkad angers the god Enlil by destroying his temple in Nippur. Middle: Enlil summons the Gutians, a fierce mountain tribe described as having ""the intelligence of dogs."" End: They sweep over the empire, stopping trade and causing famine so severe people ate their own children.","Curse of Agade","Idea"
"The Code Of Hammurabi Says 'An Eye For An Eye' Is A Lie — And Reveals Who Actually Got Away With Everything","You know 'an eye for an eye'. What you don't know is that it only applied if the victim was rich.","Intro: The famous laws of King Hammurabi. Middle: If you blinded a nobleman, your eye was taken. But if you blinded a peasant or a slave, you just paid a small fine. End: The ancient legal code was entirely based on strict social classes, not universal justice.","Code of Hammurabi","Idea"
"The Babylonian Laws Did Not Rely On Judges — And Describes The Raging River That Decided If You Lived Or Died","The Babylonians invented 'innocent until proven guilty'—but their way of proving it involved throwing you into a raging river.","Intro: The legal concept that the accuser must bring proof, not the accused. Middle: If there were no witnesses (like in witchcraft charges), they used the River Ordeal. End: The accused jumps in the river; if they drown, they are guilty. If the river spits them out, the accuser is executed for lying.","Code of Hammurabi","Idea"
"The Oldest Advice Book In History Warns About Buying Land — And Reveals The 4,500-Year-Old Scam","The oldest advice book in history was written by a king to his son, and its warnings about buying land are still relevant today.","Intro: The wisdom literature passed down from Shuruppak to his son Ziusudra before the flood. Middle: The highly practical advice: don't buy a prostitute, don't buy land near a road, and don't speak arrogantly. End: The realization that human concerns haven't changed in 4,500 years.","Instructions of Shuruppak","Idea"
"The Babylonian Theodicy Proves Atheism Isn't A Modern Idea — And Describes The Sufferer Who Called The Gods Corrupt","Thousands of years before modern atheism, a Babylonian poet wrote a scathing essay demanding to know why the gods allow evil.","Intro: A dialogue between a sufferer and his friend. Middle: The sufferer points out that criminals get rich while the righteous starve, proving the gods either don't care or are corrupt. End: The friend can only argue that the minds of the gods are too deep for humans to understand.","Babylonian Theodicy","Idea"
"The Oldest Story Of Extreme Suffering Happened Before The Bible — And Names The Babylonian Man Who Lost Absolutely Everything","Centuries before the biblical story of Job, a Babylonian nobleman lost his health, his family, and his wealth for absolutely no reason.","Intro: The story of Shubshi-meshre-Shakkan, a pious man who is suddenly struck by horrific diseases and societal ruin. Middle: He laments that his constant prayers and sacrifices did nothing to protect him. End: Finally, the god Marduk intervenes and restores his life through a series of exorcisms.","Ludlul Bel Nemeqi","Idea"
"The Oldest Legal Code In History Didn't Cut Off Your Hands — And Reveals The Bizarre System They Used Instead","The oldest legal code in history didn't cut off your hands for stealing. It just fined you silver.","Intro: The Laws of Ur-Nammu, written 300 years before Hammurabi. Middle: Unlike the bloody ""eye for an eye"" system, Ur-Nammu's laws were surprisingly progressive, favoring financial compensation for bodily harm instead of physical mutilation. End: The shift from a restorative justice system to a punitive one.","Code of Ur-Nammu","Idea"
"The Epic Of Tukulti-Ninurta Says A King Declared Himself God — And Describes The Horrific Way He Was Punished","The first king to declare himself a living god didn't rule forever. He was murdered in his own palace by his own son.","Intro: The megalomania of the Assyrian King Tukulti-Ninurta I. Middle: He steals the statue of Marduk from Babylon and declares himself divine. End: His actions are seen as sacrilege by his own people, leading his son to lock him in his new capital and burn it to the ground.","Epic of Tukulti-Ninurta","Idea"
"The Behistun Inscription Says One King Fought 19 Wars In A Single Year — And Reveals What He Did To The Traitors","One ancient king faced a massive, empire-wide rebellion. He crushed it in a single year and carved the receipts into a mountain.","Intro: Darius the Great takes the Persian throne, sparking 19 rebellions across the empire. Middle: He relentlessly marches his armies, defeating all the rebel kings in a single year. End: He carves a massive relief on a cliff showing himself stepping on the imposter king, with the rebels in chains.","Behistun Inscription","Idea"
"The Lost Language Of Babylon Was Uncrackable For 2,000 Years — And Names The Man Who Risked His Life To Read It","We would know absolutely nothing about Babylon or Sumer if an eccentric British officer hadn't dangled from a cliff face in Iran.","Intro: The mystery of cuneiform writing, lost for two millennia. Middle: Henry Rawlinson risks his life scaling the Behistun cliff to copy the trilingual inscription of Darius. End: Using the Old Persian section, scholars finally cracked the code, unlocking thousands of years of lost history.","History of Assyriology","Idea"
"The Standard Of Ur Proves Tanks Were Invented 4,500 Years Ago — And Describes The Vicious Animals That Pulled Them","The first tanks in history were built 4,500 years ago. They were made of wood and pulled by highly aggressive donkeys.","Intro: The discovery of the Standard of Ur in the Royal Cemetery. Middle: The ""War"" side depicts heavily armored Sumerian infantry in phalanx formation. End: It also shows the first known chariots—clunky four-wheeled carts pulled by onagers (wild asses) trampling enemies.","Standard of Ur","Idea"
"The Death Of Ur-Nammu Says Great Kings Still End Up In Hell — And Reveals The Bribes He Brought To Get A Good Seat","When the greatest king of Sumer died in battle, his soul still had to bribe the demons of the underworld just to get a comfortable seat.","Intro: The shocking death of Ur-Nammu on the battlefield, leaving his empire in despair. Middle: His descent into the underworld, where his earthly power means nothing. End: He is forced to present lavish gifts to Ereshkigal and the Anunnaki just to secure a dwelling place in the dust.","Death of Ur-Nammu","Idea"
"The Dialogue Of Pessimism Says Depression Existed 3,000 Years Ago — And Describes The Servant Who Proved Life Is Meaningless","An ancient master and his slave had a conversation 3,000 years ago that proves existential dread is not a modern invention.","Intro: The comedic yet dark Babylonian text where a master gives an order, and the slave provides a profound reason to do it. Middle: The master immediately changes his mind and orders the exact opposite, and the slave provides an equally profound reason for that. End: The master concludes life is meaningless and considers murder-suicide.","Dialogue of Pessimism","Idea"
"The Enki Myth Says The Tigris River Wasn't Created By Rain — And Reveals The Extremely Graphic Way It Was Actually Made","The Sumerians believed their life-giving rivers were created in a way that is far too graphic for a modern history textbook.","Intro: The myth detailing how the god of wisdom, Enki, organized civilization. Middle: To ensure the fertility of the land, Enki fills the Tigris and Euphrates rivers not with rain, but with his own divine semen. End: The very literal connection the ancients saw between water, agriculture, and reproduction.","Enki and the World Order","Idea"
"The Lament For Ur Says The City Wasn't Destroyed By Armies — And Describes The Terrifying Moment The Gods Left","When the great city of Ur fell, the poets didn't blame foreign armies. They blamed their own gods for packing up and leaving.","Intro: The destruction of the Third Dynasty of Ur by Elamite invaders. Middle: The haunting poetic lament that describes the patron gods flying away from their temples like birds escaping a fire. End: The deep psychological trauma of believing your divine protectors have permanently abandoned you.","Lament for Ur","Idea"
"The Atrahasis Epic Says A Famine Forced Parents To Do The Unthinkable — And Reveals How Long It Took To Break Them","Before the gods flooded the earth, they tried to starve humanity out. It got so bad that the people turned on their own families.","Intro: Enlil's attempts to wipe out human noise before resorting to the flood. Middle: He sends a devastating famine that lasts for years. End: The text grimly describes how, by the sixth year, daughters were served as meals and parents ate their own children to survive.","Atrahasis","Idea"
"The Fall Of Nineveh Says The Most Brutal Empire Was Erased From History — And Names The Alliance That Burned It To Ash","The Assyrian Empire was the most terrifying military force in history. It took a massive, unprecedented alliance to burn their capital to the ground.","Intro: The absolute dominance and cruelty of the Assyrian Empire. Middle: The Babylonians and Medes realize the only way to survive is to unite. End: They march on the impregnable city of Nineveh, breach its walls, and wipe the empire off the map so completely it became a myth.","Fall of Nineveh","Idea"
"The Epic Of Gilgamesh Says The Gods Were Terrified Of Their Own Flood — And Describes Exactly Where They Hid","The gods unleashed the Great Flood to destroy humanity. But when the waters rose, they were so scared they ran away hiding.","Intro: The unleashing of the storm by Enlil. Middle: The sheer scale of the destruction terrifies even the Anunnaki. End: The text describes the gods fleeing to the highest heaven, cowering against the walls like frightened dogs, weeping over what they had done.","Epic of Gilgamesh","Idea"
"The Cyrus Cylinder Says Babylon Was Conquered Without Shedding Blood — And Reveals Who Actually Let Them In","When the Persians conquered the mighty city of Babylon, they didn't break down the gates. The people opened them and cheered.","Intro: The fall of the Neo-Babylonian Empire. Middle: King Nabonidus alienated his people by worshipping the moon god Sin instead of Marduk. End: Cyrus the Great marches in, claims Marduk chose him, and takes the city without shedding a drop of blood.","Cyrus Cylinder","Idea"
"The Myth Of Anzu Says Ancient Magic Didn't Use Fireballs — And Describes The Spell That Altered Physical Reality","In ancient Mesopotamia, magic wasn't about casting fireballs. It was about speaking words so powerful they altered physical reality.","Intro: Ninurta battles the Anzu bird to retrieve the Tablets of Destiny. Middle: Ninurta shoots his arrows, but Anzu uses the power of the Tablets to speak a spell. End: The words command the arrows to turn back into un-fletched reeds and return to the thicket, making Anzu invincible.","Myth of Anzu","Idea"
"The Enuma Elish Says Humanity Is Born From Pure Evil — And Names The Rebel Commander Slaughtered To Build Us","According to Babylon, humans aren't inherently good. We are literally built from the blood of the greatest traitor in cosmic history.","Intro: The aftermath of Marduk's victory over Tiamat. Middle: Marduk demands to know who incited the rebellion. End: The gods hand over Kingu, Tiamat's general. He is executed, and his blood is used to create humanity, branding us with a rebel nature.","Enuma Elish","Idea"
"The Epic Of Gilgamesh Says A Human Found The Edge Of The World — And Describes The Divine Bartender Who Stopped Him","The king who sought immortality traveled to the edge of the universe, only to find a bartender who told him to go home and have a beer.","Intro: Gilgamesh's exhausting journey to find eternal life. Middle: He arrives at the ocean at the end of the world and meets Siduri, a divine tavern keeper. End: She tells him immortality is for the gods alone, and he should just go home, love his family, and enjoy a good meal.","Epic of Gilgamesh","Idea"
"The Hymn To Ninkasi Says The Gods Demanded High-Quality Alcohol — And Reveals The Elaborate Process Invented Just For Them","The gods of Mesopotamia didn't just want sacrifices of meat and grain. They demanded massive vats of high-quality beer.","Intro: The importance of beer in ancient Sumerian culture and economy. Middle: It was so vital that they had a specific goddess of brewing, Ninkasi. End: The temples ran massive industrial breweries, because the gods were believed to enjoy getting drunk during their divine banquets.","Hymn to Ninkasi","Idea"
"The Babylonian Star Catalogues Say The Ancients Could Predict The Future — And Reveals The Exact Planet They Monitored To Do It","Thousands of years before telescopes, Babylonian astronomers tracked the orbit of Venus so perfectly they used it to predict the future.","Intro: The Enuma Anu Enlil and the Venus Tablet of Ammisaduqa. Middle: The Babylonians kept meticulous records of planetary movements, believing them to be messages from the gods. End: They connected astronomical anomalies directly to political events, using the stars as a massive, cosmic warning system.","Enuma Anu Enlil","Idea"
