id,tier,title,topic,script_hook,full_story_outline,visual_aesthetic,target_duration,verification_status
1,1,"The Book Of Enoch Describes What Happens The Moment You Die — And Where You Are Taken First","What happens at death in 1 Enoch","There is a mountain with hollow places cut into it, and the dead are sorted into separate chambers by category — not judged, not rewarded, not punished — filed on arrival, and left to wait.","The text is 1 Enoch 22, and it does not describe heaven or hell. It describes a holding facility. Enoch is taken to a mountain in the west, and inside it are four hollow places — smooth, dark, and deep — each reserved for a different class of the dead. This is not afterlife as reward or punishment. It is afterlife as intake and classification. The dead are sorted before any verdict is issued. Raphael, who is guiding the tour, identifies one of the hollows by its occupant. The voice crying out belongs to Abel, murdered by Cain, and his complaint went forth to heaven and has not stopped. He is not resting. He is still making his case. Another hollow holds those who were never punished in life — sinners who got away with it. They are separated from the righteous dead, placed in a chamber of their own, and held for a different judgment. The geography of this mountain is administrative: it files people by what happened to them, not by what they believed. The word the episode turns on is the term translated as hollow places. The Ethiopic carries a sense closer to carved recesses or prepared compartments — not natural caves but engineered storage. The implication is that these spaces were made, which means someone made them, and made them before the first occupant arrived. The infrastructure preceded the dead. The withheld reveal is the simplest detail in the chapter: the dead are waiting. Not for resurrection and not for peace — for a judgment that has not happened yet. In the texts own terms, the system described in 1 Enoch 22 is not closed. The chambers are occupied, the complaints are still being filed, and the sorting is ongoing. Close on the mountain, which Enoch left and which the text never says was emptied.","","Long (15-20m)","Verified"
2,1,"The Book Of Enoch Describes What God Looks Like — And Why No Angel Is Allowed To See Him","The throne vision in 1 Enoch 14","A human is standing inside a room that no angel is permitted to enter, looking directly at a figure whose clothing is brighter than the sun — and the text names every material in the building around him.","1 Enoch 14 is the oldest surviving throne-room vision in the Jewish tradition, older than Ezekiels by the scholarly consensus, and it reads less like prophecy than like an architectural survey. There are two structures, one inside the other. The outer wall is built of hailstones and ringed with tongues of fire. The floor inside is fire. The ceiling is the path of the stars and lightning. The walls are crystal. The temperature is described simultaneously: hot as fire and cold as ice. That contradiction is stated as fact and left standing. Inside that structure is a second, larger one — and this is where the description sharpens. A throne on wheels, and the wheels are like the shining sun. Streams of flaming fire pour from beneath it. The figure on the throne wears a garment that shone more brightly than the sun and was whiter than any snow. Then the restriction: None of the angels could enter and could behold His face by reason of the magnificence and glory, and no flesh could behold Him. The word the chapter turns on is enter. This is not a case of angels choosing to avert their eyes. They cannot cross the threshold. The restriction is spatial — the room itself excludes them. And yet Enoch, a living human being, is standing inside it. The text does not explain why a man can enter where angels cannot. It simply records that he did. Close on the materials. Crystal, fire, hailstone, lightning. Every surface is named. Every dimension is specific. The text does not say Enoch saw a vision of a building — it says he entered a building.","","Long (15-20m)","Verified"
3,1,"The Book Of Enoch Describes What Demons Actually Are — And Why They Are Always Hungry","The origin of demons in 1 Enoch","They are not fallen angels — they are the disembodied spirits of dead giants, half-human by origin, and they take no food but nevertheless hunger and thirst, permanently.","The standard answer is that demons are fallen angels. 1 Enoch 15-16 gives a different one, and it is more specific. When the Watchers — the angels who descended — took human wives, the offspring were giants. The giants bodies died, but their spirits did not follow the path human spirits take. Evil spirits have proceeded from their bodies; because they are born from men and from the holy Watchers is their beginning and primal origin. The spirits of heaven dwell in heaven. The spirits born on earth dwell on earth. These are neither, and they have nowhere to go. The sentence the entire episode turns on is in chapter 15: they take no food, but nevertheless hunger and thirst. This is not a metaphor — it is a description of a permanent condition. They are constitutionally unable to eat, and constitutionally unable to stop being hungry. Their activity list is given plainly: afflict, oppress, destroy, attack, do battle, and work destruction on the earth. But the critical detail is what is absent from the list — judgment. They are explicitly not judged until the day of the great consummation. The text does not say they were bound, relocated, or diminished after the flood. It says where they live: on the earth. And it says when they stop: at the end. The withheld reveal is simple arithmetic. If demons are the spirits of dead giants, if those spirits remain on the earth, and if they are not judged until a day that has not arrived — then in the texts own terms, they were never removed. The flood took the giants bodies. It did not take what came out of them.","","Long (15-20m)","Verified"
4,1,"The Book Of Enoch Describes Who Really Runs The World — And What Is Waiting For Them","The kings and the mighty in 1 Enoch","They possess the earth, they deny the Lord of Spirits by name, and when they beg for mercy at the end, the text records the exact sentence they are given: none shall seek for themselves mercy, for their life is at an end.","1 Enoch 46 and 62-63 name a class of people, not by individual name but by function: the kings and the mighty and the exalted and those who possess the earth. The text describes their position plainly — they rule, they possess, they exercise dominion — and then states what they did with it: they denied the Lord of Spirits and His Anointed. The scene in chapter 62 is not a battle. It is a hearing. The kings and the mighty see the Son of Man seated on the throne of His glory, and at that moment their dominion ends. They fall on their faces, and the text describes what they do next: they beg. They ask for a little breathing space and for mercy. The answer is quoted verbatim: none shall seek for themselves mercy, for their life is at an end. It is a refusal, not a punishment — the window simply closes. What follows is the transfer. The kings are handed to the angels for punishment, and the text specifies that they are handed to the angels for vengeance — not for correction, rehabilitation, or teaching. The vocabulary throughout is terminal. And the righteous watch. 1 Enoch 62:12 explicitly seats them as witnesses to the sentence. The text names no modern figure and assigns no modern government. Its power is that it does not have to — the kings and the mighty and those who possess the earth is a description that the viewer will populate themselves, silently, and the comments section will do the rest. Close on the phrase those who possess the earth, repeated without commentary, and let it sit in the present tense.","","Long (15-20m)","Verified"
5,1,"The Book Of Enoch Says Your Life Was Written Down Before You Lived It — And Names Who Holds The Book","The heavenly tablets and the archangel scribe","Enoch reads the deeds of all mankind to the remotest generations — meaning the record already contains the lives of the unborn — and the angel who dictated it to him held a pen made for speed-writing and did not stop for thirty days.","Two passages, from two different books, describe the same mechanism. In 1 Enoch 81, Enoch is shown the heavenly tablets and told: Observe, Enoch, these heavenly tablets, and read what is written thereon, and mark every individual fact. He reads them, and the content is the deeds of all mankind to the remotest generations. This is not a record of what has happened. It is a record that includes what has not happened yet. The distinction is the entire point — the tablets predate the lives they describe. In 2 Enoch 22-23, the mechanism is given a name and a process. The archangel is called Vretil — though the manuscripts cannot agree on the spelling: Vrevoil, Vereveil, Pravuil. He is described as swiftest of the archangels in wisdom, and his job is specific: he records all the deeds of the Lord. God orders him to bring the books from the storehouses and give Enoch a pen for speed-writing. The dictation runs thirty days and thirty nights without a pause, producing 366 books. The word the episode turns on is storehouses. The books are not being written for Enoch — they are being retrieved from storage. They already exist. Vretil is not composing; he is transcribing from a completed record. The withheld reveal is that Vretil himself — the angel whose sole job is to keep the record of every human life — cannot maintain a stable name across the manuscripts that carry his story. The scribe of all deeds could not keep his own name intact through copying.","","Long (15-20m)","Verified"
6,1,"The Book Of Enoch Describes Noah's Birth — And Why His Own Father Thought He Was Not Human","Noah's birth in 1 Enoch 106","A father looks at his newborn son — skin white as snow, hair like wool, eyes that light the whole room — and runs out of the house, because he does not believe the child is his.","1 Enoch 106 opens with a birth scene, and it reads like the first act of a horror film. Noah is born, and his appearance is wrong: white as snow and red as the blooming of a rose, hair like wool, and when he opens his eyes he lighted up the whole house like the sun. His father Lamech does not celebrate. He is afraid. He leaves the house and goes to his father Methuselah with a specific accusation: I have begotten a strange son, diverse from and unlike man, and resembling the sons of the God of heaven. He believes his wife conceived by a Watcher. That is the state of the world in one image — a man could no longer be certain his own son was human. The Watchers had descended, the interbreeding had begun, and a newborn who did not look right was sufficient cause for a father to suspect that the child was not his. Lamech does not raise the question as speculation. He states it as a real possibility, one plausible enough that Methuselah then travels to the ends of the earth to ask Enoch directly. Enochs answer comes back, and it is plain: he is in truth thy son. Noah is human. The answer is yes. But the power of the scene is not the answer — it is that the question had to be asked. Close on the baby, the lit room, the father at the door. The answer Enoch sent back was worth the journey to the ends of the earth precisely because by then it was no longer the obvious answer.","","Long (15-20m)","Verified"
7,1,"The Book Of Enoch Says Abel Is Still Screaming — And Names The Only Thing That Will Stop Him","Abel's voice in 1 Enoch 22","Raphael tells Enoch that the voice coming from inside the mountain is Abel, murdered by Cain, and that his complaint has been going to heaven unceasingly since the day he died.","The setting is the mountain from chapter 22 — the same holding facility with hollow places cut into it. Enoch hears a voice, and he asks Raphael whose it is. The answer is immediate and specific: it is Abel, and the voice went forth to heaven, and made suit, crying and lamenting. Not cried. Not once lamented. The verb is continuous. Abel has been filing his complaint since the murder, and the text does not say he has paused. The word the episode turns on is suit. The Geez term carries a legal register — this is not weeping, it is litigation. Abel is not mourning his own death. He is pressing a case. The complaint goes to heaven because that is where the court is, and it will not stop until the case is resolved. He is a plaintiff, not a ghost. The condition for silence is stated in the text: Abels voice does not stop till the seed of Cain is destroyed from the face of the earth, and the seed of him perish from amongst the seed of men. That is not metaphor. It is a termination clause. The complaint runs until a specific condition is met — the complete destruction of Cains lineage — and not one moment before. If the condition has not been met, the complaint has not stopped. Close on the arithmetic. Genesis gives Cain descendants. The conventional reading is that the flood ended that line. But 1 Enoch does not say the flood satisfied the condition. It says the condition is the erasure of Cains seed from the face of the earth. If the voice is still going, the condition has not been met.","","Long (15-20m)","Verified"
8,1,"The Book Of Enoch Describes The Giants — And What They Did When The Food Ran Out","The consumption sequence in 1 Enoch 7","Crops, then men, then each other, then birds, beasts, reptiles, fish — then they began drinking blood — a food chain worked downward in strict order.","1 Enoch 7 is short, and the horror of it is in its sequence. The giants consumed all the acquisitions of men — meaning the entire agricultural surplus of human civilisation. When that was gone, the giants turned against them and devoured mankind. When mankind was diminished, they moved to animals — birds, beasts, reptiles, fish, in that order. Then each others flesh. Then blood. The list is not random. It is a systematic depletion, moving from domesticated resources to the food chain itself, finishing at the bottom. The word that matters is acquisitions. The translation choices across editions vary — possessions, produce, toil — but the core meaning is what men had built and stored. The giants did not hunt. They consumed what had already been accumulated. The implication is that human civilisation was functioning, producing surplus, storing food — and the giants ate through the surplus first. They were not predators. They were a consumption event. What is absent from the passage is as important as what is in it. There is no resistance described. No army, no defence, no attempt to fight back. The text records the consumption and does not record opposition to it. Humanity, in this account, had no means of stopping what was happening. Close on the last item in the sequence. Blood. The giants drink it, and the text frames this as the final stage — the point at which the contamination is complete.","","Long (15-20m)","Verified"
9,1,"The Book Of Enoch Describes The Punishment Of The Fallen Angels — And They Were Made To Watch","The Watchers' sentence in 1 Enoch 10","God orders Gabriel to set the giants against each other — let them perish by mutual slaughter — and then commands that the Watchers be bound for seventy generations, but only after they have watched their sons kill one another.","1 Enoch 10 assigns four commissions, one per archangel, and the structure is that of a cleanup operation with a chain of command. Sariel is sent to warn the son of Lamech. Raphael is to bind Azazel hand and foot and cast him into the darkness at Dudael. Gabriel is sent against the giants. Michael is to bind Shemihazah and the others. Four agents, four targets, four separate instructions. The format is bureaucratic — an assignment sheet, not a prophecy. Gabriels instruction is the most disturbing: destroy the children of the Watchers from amongst men; send them one against another that they may destroy each other in battle. The giants are not killed by angels. They are made to kill each other. The method is not divine fire, not a plague, not a flood — it is mutual slaughter, engineered and observed. The Watchers own sentence follows, and the sequence is the point. They are bound for seventy generations, confined in the valleys of the earth — but the text specifies the prerequisite: when their sons have slain one another, and they have seen the destruction of their beloved ones. They watch first. The binding comes after. The punishment is not just confinement — it is confinement that begins with the spectacle of their children destroying each other. The watching is part of the sentence, not a prelude to it. Close on the phrase their beloved ones. The text does not call the giants monsters at this point. It calls them beloved. The architecture of the sentence is personal.","","Long (15-20m)","Verified"
10,1,"The Book Of Enoch Describes How Enoch Was Taken Up — And What He Saw Inside","Enoch's ascent in 1 Enoch 14","Clouds and mist call him, winds rush him upward, and inside the first structure the floor is fire, the ceiling is lightning and the paths of the stars, and the walls are crystal — hot as fire and cold as ice at the same time.","1 Enoch 14:8-17 describes a journey, and the verbs throughout are verbs of physical motion — called, rushed, entered, looked, fell. This is not presented as a dream or a symbol. The text uses the grammar of a man who went somewhere, passed through real doors, and stood on a real floor. The first structure has a wall of hailstones ringed with tongues of fire. Inside, the floor is fire. The ceiling is made of lightning and the path of the stars, with cherubim between them. The walls are crystal, and the text says the building was simultaneously hot as fire and cold as ice. That contradiction is stated flatly and not resolved. Inside the first building is a second, larger one. This is where the description becomes an inventory: crystal walls, a crystal floor, a ceiling of fire and lightning and stars, a throne of crystal with wheels like the shining sun, and streams of flaming fire pouring from underneath. The figure seated on the throne wears a garment brighter than the sun and whiter than any snow. Every surface is named. Every dimension is given. The withheld reveal is the restriction. None of the angels could enter and could behold His face by reason of the magnificence and glory, and no flesh could behold Him. Angels — the permanent residents of this domain — are locked out of this room. But Enoch, a living man, is already inside. The text does not explain the exception. It says he entered, and it says they could not. Close on the materials — crystal, fire, hailstone, lightning — and the door that a man walked through and angels did not.","","Long (15-20m)","Verified"
11,2,"The Book Of Enoch Describes What Happens To People Who Got Away With It","The chamber for the unpunished dead","Inside the mountain of the dead, one chamber is reserved specifically for sinners who were never punished in life — the text separates the dead not by belief, but by whether justice already reached them.","1 Enoch 22 describes four hollow places inside the mountain, and the division between them is not heaven and hell. It is an administrative classification based on what happened to each person during their lifetime. The righteous dead are in one chamber. Abel and those like him — the wrongfully killed — are in another. And then there is a chamber for those who sinned and were never brought to justice while they lived. The text separates them explicitly: these are not grouped with the righteous, and they are not grouped with the already-punished. They have a holding area of their own. The implication is that the system tracks not only what a person did, but whether accountability for it was applied. The mountain is filing its occupants by outcome, not by character alone. A sinner who was punished in life is processed differently from a sinner who was not. This is not theology — it is record-keeping that accounts for the gap between crime and consequence. The withheld reveal is the fourth chambers function. If these sinners escaped punishment in life, the chamber exists because the system intends to close the gap. The mountain holds them not as a mercy and not as a punishment — but as a pending case. They got away with it on earth. The mountain says: we know. Close on the structure — four chambers, four classifications, one of them built for the ones the earthly system missed.","","Long (15-20m)","Needs chapter check"
12,2,"The Book Of Enoch Names Every Angel Who Taught Humanity — And Why The Teaching Was The Crime","The Watchers' syllabus in 1 Enoch 8","The list reads like a university catalogue — metallurgy, cosmetics, astrology, meteorology, the course of the moon — and the indictment is not sorcery, it is that civilisation arrived before it was supposed to.","1 Enoch 8 gives a list, and it comes with names attached. Azazel taught swords, knives, shields, breastplates, the metals of the earth and the art of working them, antimony and the beautifying of the eyelids. Semjaza taught enchantments and root-cuttings. Baraqijal taught astrology. Kokabel taught the constellations. Ezeqeel taught the knowledge of the clouds. Araqiel taught the signs of the earth. Shamsiel taught the signs of the sun. Sariel taught the course of the moon. The list is specific, departmental, and cross-referenced to individuals. The standard reading is that these are forbidden arts. But read the list again without the framing. Metallurgy. Cosmetics. Astronomy. Meteorology. Lunar cycles. These are the foundations of civilisation, not the tools of corruption. The chapter does not describe sorcery taught to an innocent world. It describes a curriculum that arrived too early, delivered by faculty who were not authorised to teach it. The crime is timing, not content. The word that carries it is the Geez term behind root-cuttings — pharmacology, in essence. When the indictment is read in chapter 9, the complaint is not that humanity learned evil things. It is that the Watchers revealed to them all kinds of sins. The verb is revealed — uncovered, disclosed — not invented. The knowledge existed. The offence is that it was released early. Close on the viewers morning. Metallurgy is in the knife they used at breakfast. Cosmetics are on their face. Astronomy built their calendar. If the list is real, the viewer has used four items off it before they finished their first cup of coffee.","","Long (15-20m)","Verified"
13,2,"The Book Of Enoch Describes Azazel's Sentence — And Why His Face Had To Be Covered","Azazel's imprisonment at Dudael","Bound hand and foot, cast into darkness, covered with rough jagged rocks, face covered that he may not see light — and the sentence was designed, not improvised.","The order to Raphael in 1 Enoch 10 is precise: bind Azazel hand and foot, open the desert, cast him into it, lay upon him rough and jagged rocks, cover him with darkness, and there let him remain forever. Then the additional specification: cover his face that he may not see light. The instruction is not abstract. It is a set of engineering requirements — location, restraint method, material, duration, and one aesthetic detail that makes the whole thing personal. The word the episode turns on is Dudael. The location is named. It is not the pit or the abyss — it is a place with a name, and scholars have debated its identification. Some connect it to Bet Hadudo, a site in the Judean wilderness associated with the scapegoat ritual in later tradition. The parallel is sharp: Azazel, a goat-associated figure, is sent into the desert just as the scapegoat is sent into the wilderness. The resonance between 1 Enoch 10 and Leviticus 16 is one of the oldest observed connections in Enoch scholarship. What makes the sentence distinct from other angelic punishments in the text is its specificity. Shemihazah and the other Watchers are bound collectively. Azazel gets his own sentence, his own location, and his own set of physical conditions. The face covering is not standard — no other angels sentence includes it. Someone designed this punishment for this individual, matching the details to the offence. Azazel is the one who taught weapons and cosmetics — the arts of surface and appearance. His sentence removes all surfaces and all appearance. He sees nothing. He is covered. Close on the word forever. The sentence does not carry a release date. Azazel, in the accounts own terms, is still bound.","","Long (15-20m)","Verified"
14,2,"The Book Of Enoch Describes The Oath 200 Angels Swore — And Why Their Leader Was Afraid","The mutual oath on Mount Hermon","Semjaza, the leader of the two hundred, insisted they all bind themselves by mutual curse before descending — because he feared that he alone would pay the penalty for what they were about to do.","1 Enoch 6 opens the Watcher narrative not with a descent but with a negotiation. Semjaza, the leader, addresses the group and says plainly: I fear you will not agree to do this deed, and I alone shall have to pay the penalty for a great sin. He is not issuing an order. He is requesting a guarantee. Before any angel descends, before any human woman is approached, the leader of the rebellion demands a contract — because he does not trust the others to follow through, and he knows what the consequences are. The oath is sworn on Mount Hermon, and the text links the name to the act: they called it Mount Hermon, because they had sworn and bound themselves by mutual imprecations upon it. The place name is treated as a record of the event — the mountain is named after what happened on it. Two hundred angels, bound by a curse that ensures no individual can defect. The structure is collective liability: if one falls, all fall. The detail that matters is the emotional register. This is not a scene of cosmic ambition or dark glory. It is a scene of anxiety. The leader of the rebellion is afraid before it begins. He calculates the penalty, determines that it is severe, and decides to proceed only on the condition that the risk is distributed. The rebellion opens with its general protecting himself from his own troops. Close on the oath itself. The fear that opens the whole story — Semjazas fear that he would pay alone — turns out to be precisely what the sentence is designed to exploit. They are punished collectively, forced to watch their children die, then bound. Semjazas precaution was useless. The penalty he was afraid of was worse than anything he had calculated.","","Long (15-20m)","Verified"
15,2,"The Book Of Enoch Says A Man Asked God To Forgive The Fallen Angels — And Records The Answer","The petition and refusal in 1 Enoch 12-14","The Watchers are too frightened to petition heaven themselves, so they send a human — and when the refusal comes, Enoch has to read it back to them aloud, to their faces.","1 Enoch 12-14 describes an intercession, and the structure is not prophecy — it is diplomatic correspondence. The Watchers ask Enoch to write out a memorial of prayer and petition for forgiveness and length of days. They cannot do it themselves because they can no longer ascend to heaven — the way is closed. So they recruit a human intermediary to carry the request. The angels are the petitioners. The man is the courier. Enoch sits at the waters of Dan, south-west of Hermon, reads the petition aloud, and falls asleep. In the dream he receives the answer — and the answer is comprehensive: your petition will not be granted unto you throughout all the days of eternity, and that judgment has been finally passed upon you. There is no negotiation. No partial concession. No mercy for a subset. The refusal is total. What the text specifies next is the delivery. Enoch wakes, finds them gathered at Abelsjail — between Lebanon and Senir — faces covered, weeping. And he reads the refusal to them out loud. The sentence is not delivered by an angel. It is not written in fire or carried on thunder. A man walks into a room full of weeping angels and reads them the answer. The literary effect is extreme: the petitioners, who once taught humanity the arts of civilisation, are now sitting on the ground, faces covered, receiving their verdict from a human being holding a text. Close on the three locations — Dan, Hermon, Abelsjail — all real, named, geographically consistent. From henceforth you shall not ascend into heaven unto all eternity. The door closed while they listened.","","Long (15-20m)","Verified"
16,2,"There Is A Second Book Of Enoch — And No Church On Earth Accepted It","2 Enoch — the book nobody kept","Not Jewish, not Catholic, not Protestant, and not even Ethiopian, which kept the first one — 2 Enoch survives in Old Church Slavonic and belongs to nobodys Bible.","1 Enoch has a home. It sits in the Ethiopian Orthodox Tewahedo canon, accepted as scripture by one of the oldest Christian churches on earth. 2 Enoch has no home at all. It is not in the Jewish canon, not in the Catholic or Orthodox canons, not in any Protestant Bible, and — critically — not in the Ethiopian Bible either. The church that accepted the first book looked at the second and said no. That distinction alone makes it worth examining. 2 Enoch survives in Old Church Slavonic, in two recensions — a longer and a shorter. For decades, critics argued it might be a medieval Slavic forgery: a late text dressed up in ancient clothing. Then Coptic fragments turned up in Nubia, pushing the transmission history further back and making the forgery hypothesis harder to sustain. The text is older than its opponents hoped. Its content is structurally different from 1 Enoch. Where 1 Enoch has one heaven (the crystal house of chapter 14), 2 Enoch has seven — or ten, depending on the recension. Where 1 Enoch gives named angels and specific punishments, 2 Enoch gives a guided tour through layered heavens, each with its own population and its own conditions. The architecture is vertical and departmental, like a building with different functions on each floor. Close on the first English translation: R.H. Charles and W.R. Morfill, 1896. The text entered the English-speaking world barely more than a century ago, and it entered without an institutional sponsor. Nobody was required to read it. It sat in Slavonic manuscripts and it waited. It is still waiting. Zero churches, zero Bibles, zero owners.","","Long (15-20m)","Verified"
17,2,"The Second Book Of Enoch Says There Is A Prison Inside Heaven — And Names Who Is Locked In It","The prison in the second heaven","In the second heaven of 2 Enoch, angels sit in darkness, weeping, awaiting a judgment that has not come — and when they see Enoch passing through, they beg him to pray for them.","2 Enoch 7 describes the second heaven, and what occupies it is not what the word heaven prepares a reader for. The angels here are in darkness. They are weeping. They are awaiting a judgment that has not yet been issued. The text does not describe them as evil or as rebels — it describes them as prisoners. They are held in a space that is inside heaven, not below it. The scene that gives the chapter its emotional weight is the encounter. The angels see Enoch passing through their level — a human being, in transit, ascending through the layers — and they call out to him. They do not demand, threaten, or rage. They ask him to pray for them. The request is addressed to a man, from angels, and the request is for intercession — the same structure as 1 Enoch 12-14, where the Watchers asked Enoch to carry their petition. The imprisoned recognise the pattern: a human can still reach heavens ear. They cannot. The word the episode turns on is inside. This is not a prison beneath creation. It is not Sheol, not the abyss, not the outer darkness. It is the second heaven — part of the vertical structure of the cosmos, positioned between the first heaven and the third. The prison is inside the building. The implication is that heavens architecture includes a detention facility, and that the detained are held not at the margins but within the system. Close on the response Enoch does not give. The text does not record whether he prayed for them. It records the request and moves him to the next level. The prison is occupied, the lights are off, and the case is open.","","Long (15-20m)","Verified"
18,2,"The Book Of Enoch Says Seven Stars Were Arrested — And Describes The Prison They Are Bound In","The seven stars bound for transgression","Seven stars, bound together in a place at the edge of creation for ten thousand years, punished because they did not come forth at their appointed times — and the Greek root of the word planet means wanderer.","1 Enoch 18:13-16 and 21:3-6 describe seven stars, and the language is not poetic — it is penal. The stars transgressed the commandment of the Lord in the beginning of their rising, because they did not come forth at their appointed times. The offence is temporal: they failed to appear when they were scheduled to appear. The punishment is ten thousand years of binding, in a terrible place at the edge of heaven. The word the episode turns on is appointed times. The stars are not described as sentient beings who chose rebellion. They are described as components of a system that failed to meet their schedule. The language is not of war or defiance — it is of operational failure. A star was supposed to come forth at a particular time, and it did not. The result was binding. The penalty is designed for equipment that malfunctioned, not for soldiers who mutinied. The connection the text does not make, but the viewer will: there were exactly seven classical wandering stars visible to the ancient world — the Sun, Moon, Mercury, Venus, Mars, Jupiter, Saturn. The Greek word for wandering star is planetes. Planet. Seven objects in the sky that do not follow the fixed pattern of the other stars, that appear to wander, that do not come forth at the same appointed times as the constellations. The text says seven stars were arrested for irregular motion. The sky contains exactly seven objects that move irregularly. Close on the prison. The binding is for a fixed term — ten thousand years — and the text does not say the term has been served. The text says seven. The sky says seven. That is all a narrator needs to say.","","Long (15-20m)","Verified"
19,2,"The Book Of Enoch Names All Seven Archangels — And The One Job Each Was Given","The seven archangels and their portfolios","Most people can name two, possibly three — 1 Enoch 20 names all seven and assigns each one a specific department, like a government with defined ministries.","1 Enoch 20 is a list, and it reads like an organisational chart. Uriel is over the world and over Tartarus. Raphael is over the spirits of men. Raguel takes vengeance on the world of the luminaries. Michael is over the best part of mankind and over chaos. Saraqael is over the spirits who sin in the spirit. Gabriel is over paradise and the serpents and the cherubim. Remiel is over those who rise. Seven names, seven jurisdictions, no overlap. The structure that matters is that each archangel has a defined scope, and the scopes do not duplicate. This is not a pantheon of competing gods with overlapping powers — it is a bureaucracy with assigned departments. Michael does not do Raphaels work. Gabriel does not oversee what Uriel oversees. The text presents the angelic hierarchy as a system of managed responsibility, where authority is distributed and bounded. The names the viewer probably knows are Michael and Gabriel — from church, from Christmas, from popular culture. Raphael may be familiar from Catholic tradition. The remaining four — Uriel, Raguel, Saraqael, Remiel — are largely unknown outside specialist circles. Yet each of those unknown names carries a specific function that the text treats as equally important. Close on the portfolios as a complete system. Seven agents, each with a job, each accountable for a different domain. The text does not rank them. It lists them in order and assigns their work. The system described is complete — every domain is covered, every agent is named — and the text presents it as currently operational.","","Long (15-20m)","Verified"
20,2,"The Book Of Enoch Describes How To Actually Get In — And It Is Not What You Were Taught","The conditions for the righteous in 1 Enoch","After forty chapters of prisons, punishments, and sealed rooms, the text finally names the conditions for entry — and they are not what Sunday school teaches.","1 Enoch 104 and adjacent passages address the righteous directly, and the promises made are specific. Be hopeful; for aforetime ye were put to shame through ill and affliction; but now ye shall shine as the lights of heaven. The address is to those who suffered, who were wronged, who endured injustice — and the promise is not a vague afterlife but a specific transformation. The righteous become luminous. The text uses the same material vocabulary it used for the throne room. What the text does not require is what many viewers expect. There is no creed recited. No baptism mentioned. No prayer of acceptance. The conditions the text names are experiential — endurance, suffering, persistence in righteousness under pressure — not doctrinal. The gateway is not a set of beliefs but a pattern of lived behaviour, tested by adversity. This is not universalism — the text is clear that the wicked are excluded — but the mechanism of inclusion is conduct, not confession. The word that carries the passage is shame. The righteous were put to shame, and the promise is the reversal of that shame. The structure is compensatory: what was taken from you will be returned, and then some. The tablets are invoked again — the same heavenly record system from chapter 81 — and the righteous are told their case is on file. Close on the contrast. The mountain of the dead, the bound stars, the weeping angels, the covered face of Azazel — and then this. An address to people who held on. The condition is endurance. The promise is light.","","Long (15-20m)","Needs chapter check"
21,3,"The Second Book Of Enoch Says Paradise And Torment Share A Floor","The third heaven in 2 Enoch","In the third heaven of 2 Enoch, paradise and a place of torment occupy the same layer — not separated by a gulf, not on different floors, but in the same heaven.","2 Enoch 8-10 describes the third heaven, and the architecture is the episode. Paradise is here — a garden, fragrant trees, the tree of life. But in the same heaven, in the northern part, there is a place of torment: darkness, cold, fire, and the wicked held in suffering. The text does not separate these by distance. They are not across an abyss from each other. They share an address. The structural question the chapter raises is why. Every other arrangement in Christian and Jewish tradition places paradise and torment at maximum distance — one above, one below. 2 Enoch puts them side by side, on the same floor of the same building. The implication is architectural: the cosmos is a structure with levels, and this particular level serves two functions. The designer chose adjacency, not separation. The word that matters is prepared. Both spaces are described as prepared — designed in advance for their occupants. The garden was planted; the torment was built. Both existed before anyone arrived to occupy them. The third heaven is not a natural landscape with a bad neighbourhood attached. It is a facility with two departments, both constructed to specification. Close on the occupants. The righteous are in the garden. The wicked are in the dark. And they are on the same floor. The text does not say whether they are aware of each other, but it also does not say they are not. The architecture places them in proximity, and the text leaves the rest to the reader.","","Long (15-20m)","Verified"
22,3,"The Book Of Enoch Says Seventy Shepherds Were Put In Charge Of Humanity — And They Killed More Than They Were Told To","The seventy shepherds in 1 Enoch 89-90","God assigns seventy shepherds to manage Israel, gives each a quota of how many they may destroy — and then places an angel beside them to write down every death, because He already knows they will exceed it.","1 Enoch 89-90, the Animal Apocalypse, describes the history of Israel as a fable of animals — sheep, bulls, wolves — and at the point where Israel is handed over to foreign domination, the text introduces the shepherds. There are seventy of them, and each is given a period of oversight. Their instructions are specific: they may destroy a certain number, and no more. The quota is set. The expectation is that they will break it. And they do. The shepherds consistently exceed their mandate, killing and scattering more sheep than they were authorised to. The text records this as anticipated — an angel is assigned from the start to stand beside each shepherd and write down every single death. The recording is not retrospective. It is concurrent. The angel watches the shepherd exceed the quota and documents the excess in real time. The system was built to generate evidence. The word that carries the episode is quota. The shepherds were not given unlimited authority. They were given measured authority with defined limits — and the systems expectation was that measured authority would be abused. The recording angel is the proof: you do not assign an auditor to an agent you trust. Close on the books. The angel has written down every death, every excess, every violation. At the end of the parable, the books are opened and the shepherds are judged — specifically for the surplus, for the deaths above the quota. The system did not prevent the abuse. It documented it.","","Long (15-20m)","Needs chapter check"
23,3,"The Book Of Enoch Says A Living Man Was Called The Son Of Man — And It Was Not Jesus","Enoch as the Son of Man in 1 Enoch 71","In 1 Enoch 71, the angel says to Enoch: Thou art the Son of Man who is born unto righteousness — and the figure being named is not Jesus of Nazareth, but a living patriarch standing inside the vision.","The title Son of Man appears throughout 1 Enoch 37-71, the Parables section, as a cosmic figure of judgment and authority — seated on a throne of glory, chosen before creation, the one before whom kings and the mighty fall. For most of the text, this figure appears to be separate from Enoch. Then comes chapter 71, and the identification shifts without warning: the angel addresses Enoch himself and says, Thou art the Son of Man who is born unto righteousness. The scholarly debate over this identification has been running for more than a century. Some argue the verse is a late interpolation — added after the rest of the Parables were written. Others accept it as original and argue the entire Parables section was building toward this moment. The identification is explosive because it means the figure of cosmic judgment described throughout the Parables is not a divine being arriving from elsewhere — it is a human being who was already in the story. This matters because the title Son of Man in the Parables of Enoch predates its use in the Gospels. If 1 Enoch 71 identifies a human patriarch as the Son of Man, and if that identification is original to the text, then the title existed before the Gospels applied it to Jesus — and it was applied first to a man, not to God. Close on the text as it stands. The identification is there. The debate about whether it is original or interpolated is real and unresolved. But the verse is in every edition of 1 Enoch published since Knibbs. It is on the page. This episode has the highest ceiling and the most hostile comment section of any on the list — deploy only after the channel has standing.","","Long (15-20m)","Needs chapter check"
24,3,"There Is A Third Book Of Enoch — And In It Enoch Stops Being Human","3 Enoch and the transformation into Metatron","In 3 Enoch, Enoch is not taken up as a visitor — he is transformed into the angel Metatron, given seventy-two names and a throne, and made the second power in heaven.","3 Enoch, also called the Hebrew Book of Enoch or Sefer Hekhalot, is the youngest and strangest of the three books. It is written in Hebrew, belongs to the Hekhalot/Merkabah mystical tradition, and survives in manuscripts that are medieval — considerably later than 1 or 2 Enoch. Its central claim is that Enoch, the patriarch who walked with God in Genesis 5:24, was not simply taken to heaven. He was transformed into an angelic being: Metatron, the lesser YHWH, given a throne, given seventy-two names, and made the Prince of the Divine Presence. The transformation is not metaphorical. The text describes a physical change — Enochs body is expanded to cosmic proportions, his flesh becomes flame, his eyes become torches, his bones become embers. The human being ceases to exist and an angel takes his place. This is not promotion. It is species change. The theological problem is obvious and the text knows it. A human being seated on a throne in heaven, called the lesser YHWH, looks like a second divine power — and the Talmud (Hagigah 15a) records the story of Elisha ben Abuyah, who saw Metatron seated and concluded there were two powers in heaven. The punishment was swift: Metatron was struck with sixty lashes of fire. Close on the distance between the three books. 1 Enoch: a man visits heaven and returns. 2 Enoch: a man visits heaven, is given a tour, and returns to deliver what he learned. 3 Enoch: a man visits heaven and does not come back as a man. The trajectory is a human being moving closer and closer to a boundary — and in the third book, crossing it.","","Long (15-20m)","Needs verification"
25,3,"The Book Of Enoch Describes The Oath That Holds Creation Together — And What Happens If It Is Spoken","The oath of creation in 1 Enoch 69","Creation is not described as held together by power — it is held by a spoken oath, which implies parties, which implies it could have gone otherwise, and the angel who obtained the name that makes it binding did so by asking.","1 Enoch 69 describes an oath — named Akae — through which heaven was suspended before the world was made, the earth was founded upon the water, the sea was given sand as its boundary, and the stars were set in their courses. The oath is not a prayer or a declaration. It is described as the mechanism by which physical creation maintains its structure. Without it, the sea would pass its boundary, the heaven would fall, and the earth would break apart. The oath is load-bearing. The angel who brought the oath into being is Kesbeel — his name is Beqa — described as the chief of the oath. He asked Michael to show him the hidden name so that it might be pronounced in the oath. The critical verb is asked. Kesbeel did not discover the name, did not take it by force, did not receive it in revelation. He requested it from Michael. The name that holds creation together was disclosed in response to a request. The word the episode turns on is boundary. The oaths visible evidence, according to the text, is the sea stopping at sand. The boundary between water and land is cited as the proof that the oath is functioning. This is specific, physical, and observable — the text points the reader at the nearest beach and says: that is the oath working. Close on the name itself. The text names the oath — Akae — and places it in Michaels charge. It is a spoken thing that holds physical creation in place. It implies that the universe is structured not by raw power but by agreement — and agreements, by definition, involve parties who could choose otherwise. The sea stops at sand. The oath holds. The name is recorded.","","Long (15-20m)","Needs chapter check"
26,3,"The Book Of Enoch Describes What Happens To The Sky When People Sin — And It Starts With The Moon","Moral failure as astronomical malfunction","In 1 Enoch 80, when people sin, the years are shortened, the moon alters her order, the stars transgress their courses — moral failure is rendered as equipment malfunction in the sky.","1 Enoch 80 connects human behaviour directly to astronomical phenomena, and the connection is presented as mechanical, not metaphorical. In the days of the sinners the years shall be shortened. Rain will be withheld. The moon will alter her order. The stars will transgress their order and change their courses. The text does not say that God will punish sin with astronomical disruption as a chosen response. It says sin itself causes the disruption — as if the moral order and the physical order share the same wiring. The word the chapter turns on is order. The Geez term implies a schedule, a system of appointed times — the same language used for the seven stars who were punished for failing to appear at their appointed times. The moons order is not her beauty or her symbolism — it is her timetable. Sin disrupts the timetable. The equipment begins to fail. The connection to the calendar section (chapters 72-82) is the structural point. Enoch was shown a 364-day solar calendar, maintained by the angel Uriel, in which every astronomical body follows a prescribed route. Chapter 80 describes what happens when that system breaks. The calendar chapters are the blueprint; chapter 80 is the failure mode. Close on the sequence: first the moon. Then the stars. Then the rain. Then the years themselves. The disruption starts at the top of the sky and works its way down to the harvest. The text describes a cascade, triggered by moral failure and propagating through the physical systems of the universe.","","Long (15-20m)","Needs chapter check"
27,3,"The Book Of Enoch Describes All Of Human History As Animals — And Names Which One You Are","The Animal Apocalypse in 1 Enoch 85-90","Stars fall from heaven and become bulls, bulls mate with cows and produce elephants, camels, and asses — the entire history of Israel is encoded as a fable of animals, and each species represents a named people.","1 Enoch 85-90 is the Animal Apocalypse, and it is one of the strangest texts in the entire Enoch corpus. It retells the history of Israel from Adam to the Maccabean period, but every human figure is replaced by an animal. Adam is a white bull. The patriarchs are bulls. Israel becomes sheep. The nations become wolves, lions, bears, hyenas, foxes, and wild boars. The entire sweep of history — creation, the flood, the exodus, the monarchy, the exile, the restoration — is narrated through species and behaviour. The code is not arbitrary. Each animal represents a specific people or group, and the assignments are consistent throughout. Sheep are always Israel. Wolves are always the same foreign oppressor. The seventy shepherds (episode 22) belong to this same text. The decoding requires matching the animal symbols to known biblical history, and scholars have mapped most of them. The viewer can locate themselves in the fable — which is the titles promise and the episodes payoff. The passage that makes the fable strange rather than merely clever is the opening. Stars fall from heaven, and when they reach the earth they become bulls. These are the Watchers. Their children — the giants — appear as elephants, camels, and asses. The species choices are bizarre and deliberate. Close on the endpoint. The Animal Apocalypse concludes with a vision of a new creation: a new house, a new temple, and all the sheep become white bulls again — a return to the original form. The shape is circular, and the implication is restoration. The question the text poses is which part of the cycle the reader currently occupies.","","Long (15-20m)","Needs chapter check"
28,3,"The Book Of Enoch Divides All Of History Into Ten Weeks — And Says Which One We Are In","The Apocalypse of Weeks","The entire span of human history — creation to final judgment — is divided into exactly ten weeks, each with a defining event, and the text assigns a number to the present age.","1 Enoch 93 and 91:12-17 contain the Apocalypse of Weeks, one of the most compact prophetic texts in the Jewish pseudepigrapha. All of history is divided into ten numbered periods, called weeks, each defined by a single event or condition. The first week is Enochs own — the week of righteousness. The seventh is the week of apostasy. The eighth is the week of the sword, given to the righteous. The tenth is the week of judgment, the eternal judgment which shall be executed upon the Watchers. The structure is finite. Ten weeks, numbered, with endpoints. This is not open-ended prophecy — it is a schedule with a termination date. The viewers natural question is: which week are we in? The texts internal chronology places the author in the seventh week, and the events described for weeks eight through ten are presented as future — meaning the schedule, if taken at face value, is still running. The word the episode turns on is week. The term does not mean a seven-day period. It means an age, an era — a unit of historical time defined by the text itself. The weeks are not equal in length. The first week covers creation to Enoch. The seventh covers the authors present. The compression and expansion of time across the ten weeks is deliberate. Close on the tenth week. The eternal judgment which shall be executed upon the Watchers. The schedule ends where the Watcher narrative ends. The ten weeks are not an independent structure — they are the same story as chapters 1-36, compressed into a numbered timeline. The schedule, if it has not completed, is still open.","","Long (15-20m)","Needs chapter check"
29,3,"The Book Of Enoch Says The Year Is 364 Days — And Describes What Breaks When You Use 365","The Enochic solar calendar","A 364-day year: four seasons of ninety-one days, twelve months of thirty, four seasonal marker days — exactly fifty-two weeks — and the community at Qumran kept this calendar in direct opposition to the Temple in Jerusalem.","1 Enoch 72-82, the Book of the Heavenly Luminaries, is a calendar revealed by the angel Uriel. It describes a 364-day solar year: twelve months of thirty days each, with four additional days inserted at the equinoxes and solstices. The arithmetic is clean — 364 divides evenly into 52 weeks, meaning every festival falls on the same day of the week every year. There is no drift, no weekday variation, no need for the kind of adjustments that make the Gregorian calendar irregular. The problem the text identifies is the competing calendar — the lunar calendar used by the Temple in Jerusalem. 1 Enoch treats the 364-day calendar as correct and the alternative as error, and the language is strong: those who do not observe the correct calendar err and will not be reckoned in the number of the righteous. Keeping the wrong date is not a clerical mistake. It is a moral failure. The community at Qumran kept this calendar. The same community whose caves produced the eleven Enoch manuscripts used the 364-day calendar in direct opposition to the Temple. The calendar texts at Qumran (4Q208-4Q211) are astronomical Enoch manuscripts. The calendar described in the text was a functioning system used by a real community. The withheld reveal is the arithmetic that does not close. A 364-day year loses more than a day annually against the true solar year of approximately 365.25 days. Within a decade, the calendar would be a week and a half behind the seasons. How, or whether, the Qumran community corrected for this drift is still debated. The calendar that cannot drift does drift. The text does not explain how.","","Long (15-20m)","Needs chapter check"
30,3,"The Book Of Enoch Describes Two Monsters Separated At Creation — And Why They Cannot Meet","Leviathan and Behemoth in 1 Enoch 60","At creation, two enormous creatures were separated — Leviathan sent to the abyss of the sea, Behemoth sent to an invisible desert — and the text specifies that the separation is deliberate: they cannot be in the same place.","1 Enoch 60 describes two creatures, and the text treats them not as metaphors but as inventory. Leviathan is female, dwelling in the abyss of the sea, over the springs of the waters. Behemoth is male, occupying an invisible desert on the east of the garden where the elect and righteous dwell. Both are enormous, both are described with physical specifics, and both are separated — assigned to different domains at creation. The detail that matters is the separation itself. The text specifies that they were divided at creation — not after a battle, not as punishment, but as part of the original design. They were made and immediately sent to different places. The separation is architectural: the system was designed so that these two creatures would not occupy the same space. The text does not say what would happen if they met. It says they were placed so that they would not. The word that carries the passage is prepared. Both creatures, and both locations, are described as prepared — made in advance, assigned in advance. Leviathans abyss and Behemoths desert are not accidents of geography. They are designated holding areas, engineered for specific occupants. Close on the sexes. Leviathan is female. Behemoth is male. The text genders them and separates them — which raises the obvious implication that the separation is also reproductive containment. Whatever these creatures are, the system was designed to prevent them from producing offspring. Both still occupied, by the texts own account.","","Long (15-20m)","Needs chapter check"
31,4,"One Man Held The Book Of Enoch For 29 Years — And Would Not Let Anyone Read It","The Dead Sea Scrolls publication monopoly","Jozef Tadeusz Milik held the Aramaic Enoch fragments from the Dead Sea Scrolls for twenty-nine years, and the monopoly was broken in September 1991 — not by a scholar, but by a library.","The Dead Sea Scrolls were discovered between 1947 and 1956. Among them were approximately eleven fragmentary Aramaic copies of 1 Enoch — more copies than any other non-biblical text at Qumran. Access to the fragments was controlled by a small editorial team, and the Enoch fragments were assigned to one man: Jozef Tadeusz Milik. He held them for twenty-nine years. His full edition did not appear until 1976, and even then, access to the unpublished material remained restricted. The embargo was not unique to Enoch — it covered the entire Dead Sea Scrolls corpus. For roughly forty years, a small group of scholars controlled access to material that belonged, in principle, to the study of human history. Other scholars could not read what the fragments said. They could not verify claims. They could not publish competing analyses. The break came in September 1991, when the Huntington Library in San Marino, California, announced that it would provide unrestricted access to its complete photographic archive of the Dead Sea Scrolls. The decision was unilateral. The editorial team objected. The library opened the archive anyway. The forty-year monopoly ended not because the gatekeepers chose to share, but because an institution outside the circle decided the material belonged to everyone. Close on the Enoch fragments specifically. Eleven copies — the most-copied non-biblical text at Qumran — held by one scholar for nearly three decades. The fragments are now published. The photographs are now accessible. The monopoly is over. But the delay is part of the record, and the record does not forget.","","Long (15-20m)","Verified"
32,4,"Everyone Quotes The Book Of Enoch — And Almost Nobody Notices It Is In The Bible","Jude 14-15 and the quotation from 1 Enoch","Jude 14-15 quotes 1 Enoch 1:9 directly, by name, as prophecy — and that quotation is in every Bible sold today.","The Epistle of Jude, verses 14 and 15, reads: And Enoch also, the seventh from Adam, prophesied of these, saying, Behold, the Lord cometh with ten thousands of his saints, to execute judgment upon all. This is a direct quotation from 1 Enoch 1:9. It is attributed to Enoch by name. It is presented as prophecy. And it is in every Bible — Catholic, Protestant, Orthodox — on the shelf of every bookstore in the world. The question this raises is simple and the text does not answer it: if 1 Enoch is not scripture, why does a canonical epistle quote it as prophecy? The standard responses vary — Jude is quoting a tradition rather than a text; Jude is quoting a true prophecy preserved in a non-canonical book; the quotation does not confer authority on the source. Each of these responses has adherents, and none of them is universally accepted. The word the episode turns on is prophesied. Jude does not say Enoch said, wrote, or believed. He says Enoch prophesied. The verb confers the highest possible authority — the authority of divine speech through a human vessel. If the verb is taken at face value, then the source material — 1 Enoch — contains genuine prophecy. If it is not taken at face value, then a canonical epistle uses a verb it does not mean. Either option has consequences. Close on the book of Jude itself. It is one of the shortest books in the New Testament — twenty-five verses. It is rarely preached from. And embedded in it, in plain sight, is a direct, named quotation from a text that most of its readers have been told is not scripture. The quotation is on the page. The source is named. The verb is prophesied.","","Long (15-20m)","Verified"
33,4,"The Book Of Enoch Survived In One Country — And Nobody In Europe Could Read It For 1,000 Years","The Geez transmission and Ethiopia","The complete text of 1 Enoch survived in exactly one language — Geez, the liturgical language of Ethiopia — while every copy in Europe was lost, and the West could not read it for a thousand years.","1 Enoch was known in the ancient world. It was quoted by early Church Fathers — Tertullian, Irenaeus, Clement of Alexandria. It was read, discussed, and debated. And then it vanished from the Western world. The Greek text was lost. The Aramaic originals were buried at Qumran and would not be found for nearly two millennia. For a thousand years, the West knew 1 Enoch only by its absence — a text that existed in footnotes, in quotations, in references to something nobody could read. The text survived in Ethiopia, in Geez — a Semitic language descended from the same family as Hebrew and Aramaic. The Ethiopian Orthodox Tewahedo Church kept 1 Enoch in its biblical canon, read it in its liturgy, and preserved it in its manuscript tradition. While Europe debated whether the book had ever existed, Ethiopian churches were reading it aloud. The survival was not an accident of geography — it was a decision by a church that considered the text scripture and treated it accordingly. The rediscovery came in stages. James Bruce, the Scottish explorer, brought three Geez manuscripts back to Europe in 1773. Richard Laurence published the first English translation in 1821. R.H. Charles published the standard critical edition in 1893 and again in 1912. Each publication was a shock — the text was longer, stranger, and more detailed than anyone in Europe had expected. Close on the survival itself. One church. One language. One manuscript tradition. Everything else was lost. The West lost the book and then was startled to find it. Ethiopia never lost it at all.","","Long (15-20m)","Verified"
34,4,"The Angel Who Holds The Record Of Every Human Life Has Four Different Names","Vretil and the manuscript problem","The archangel who records every human life is called Vretil in one manuscript, Vrevoil in another, Vereveil in a third, and Pravuil in a fourth — the scribe of all deeds could not keep his own name intact through copying.","2 Enoch 22-23 introduces an archangel whose job is the most specific in the text: he records all the deeds of the Lord, keeps the books, and administers the heavenly archive. He is described as swiftest of the archangels in wisdom. His role is clerical — he is heavens archivist, the keeper of the master record. And his name is unstable across every manuscript that carries him. The variants are: Vretil, Vrevoil, Vereveil, and Pravuil. These are not different angels — they are the same angel, rendered differently by different scribes in different manuscripts of the same text. The Old Church Slavonic tradition that preserves 2 Enoch was itself a chain of copies, each introducing small corruptions. The archangel whose entire function is accurate record-keeping had his own name corrupted by the record-keeping process that was supposed to preserve it. The irony is the episode. The text describes a being whose existence is dedicated to precision — recording every deed, maintaining every book, operating with a speed-writing pen over thirty continuous days — and the mechanism by which his story reached the modern world could not preserve the most basic datum about him: what he is called. The scribe of all deeds is the victim of scribes. Close on the pen. God orders Vretil to give Enoch a pen for speed-writing and to dictate the contents of the heavenly books. The dictation runs thirty days and thirty nights. The product is 366 books. And the being who oversaw this operation has been reduced, by the process of manuscript transmission, to a figure whose own name nobody can agree on. The record endures. The recorders identity does not.","","Long (15-20m)","Verified"
35,4,"The Book Of Enoch Describes Twelve Gates The Wind Comes Through — And What Each One Brings","The wind portals in 1 Enoch","Twelve gates, placed at the edges of the earth, each assigned a specific wind with a specific effect — some bring rain, some bring drought, some bring destruction — and the text names every one.","1 Enoch 33-36 and 76 describe a system of portals at the edges of the earth through which the winds pass. There are twelve gates — three in each cardinal direction — and each gate is assigned specific effects. Some bring dew and rain. Some bring frost and cold. Some bring destruction and drought. The assignment is not random — it is a schedule, maintained by the same cosmic administration that maintains the calendar and the courses of the luminaries. The structure is architectural. The text treats the wind not as a natural phenomenon but as a distributed system with intake points, each governed by rules. The gates are not metaphors — they are described as openings in the structure at the edge of the earth, through which specific winds are released at specific times. The system has an operator (Uriel) and a design (the twelve gates, the four directions, the assigned effects). The word the episode turns on is portals or gates. The term implies built openings — engineered points of entry and exit. The wind does not blow freely in this cosmology. It is channelled through designated infrastructure, and each channel has a defined output. The earths weather, in this account, is not chaotic. It is administered. Close on the effects. The text catalogues what each gate brings — and some of them bring harm. Destruction is part of the system. Drought comes through a gate, not as an aberration but as a scheduled output. The system that waters the earth also desiccates it, and both functions are part of the same architecture.","","Long (15-20m)","Needs chapter check"
36,4,"The Book Of Enoch Describes Seven Mountains Of Precious Stone — And The Tree Nobody May Touch","The seven mountains and the fragrant tree","Seven mountains made of precious stone, one of them shaped like a throne, and on it a tree so fragrant that its scent reaches farther than any other — but no mortal may touch it until the judgment.","1 Enoch 24-25 describes a journey to the west, where Enoch sees seven mountains. The text names the materials — precious stone, of different kinds — and describes the central mountain as like the seat of a throne, surrounded by fragrant trees. One tree is singled out: its fragrance is beyond all fragrance, its leaves and blossoms never wither, and its fruit resembles the dates of a palm. Enoch asks about it. The answer comes from Michael. Michael says the tree shall not be touched by any mortal until the great judgment. At that point, its fruit will be given to the righteous and holy, and its fragrance will enter their bones, and they will live a long life on the earth such as thy fathers lived. The tree is explicitly reserved — it exists, it is described in detail, and access to it is denied until a specific date. The restriction is temporal, not moral: the righteous will receive it, but not yet. The word the episode turns on is throne. The central mountain is shaped like a throne, and the tree grows on it. The geography is not landscape — it is furniture. A mountain shaped like a seat, with a tree on top of it that smells better than anything and cannot be touched. Close on the restriction. The tree is real, by the texts account. It is fragrant, it is bearing fruit, and it is off limits. The mountains surround it, precious and named. The scene is not a promise — it is an inventory of something that already exists and is being withheld. Close on the date: the great judgment. Until then, the tree stands, the fruit hangs, and nobody may touch it.","","Long (15-20m)","Needs chapter check"
37,4,"The Book Of Enoch Says The Earth Will Give Back What Was Entrusted To It","The return of the dead in 1 Enoch 51","Sheol will give back what it received, the earth will return what was entrusted to it, and the text describes it not as resurrection but as the closing of a receipt — every deposit returned.","1 Enoch 51 is short and its vocabulary is transactional. In those days shall the earth also give back that which has been entrusted to it, and Sheol also shall give back that which it has received, and hell shall give back that which it owes. The dead are not described as resurrected by divine power. They are described as returned by a system that was holding them temporarily. The verb is give back — return, repay, settle. The word the episode turns on is entrusted. The dead were not thrown into the earth, buried in it, or lost to it. They were entrusted to it — placed into its keeping, as a deposit is placed in a vault. The term implies custody, obligation, and an expectation of return. The earth did not absorb the dead. It holds them, and the text says it will be required to release what it holds. Sheol and hell are listed alongside the earth as custodians, not as destinations. They are holding facilities, and they owe a return. The structure of the chapter positions this return as one element in a larger settlement: the Elect One sits on the throne of glory, secrets are revealed, and the righteous are given their due. The return of the dead is embedded in an accounting process — a closing of books, a settling of debts, a final reckoning in which every custodian returns what was deposited. Close on the three custodians: earth, Sheol, hell. Each holds a different portion of the dead. Each is required to give back what it received. The architecture is that of a receipt system. Everything that went in comes back out. The balance, eventually, is zero.","","Long (15-20m)","Needs chapter check"
38,4,"The Book Of Enoch Describes A Valley Where The Cursed Are Gathered — And Who Watches","The accursed valley and the righteous as spectators","There is a valley where the cursed are gathered, and the text specifies that the righteous can see them — the punishment includes an audience.","1 Enoch 27 describes an accursed valley, and Raphael explains its function. It is for those who are accursed for ever — the place where the cursed are collected at the end. The cursed are gathered there, and the text adds a detail that transforms the geography: the righteous can see them. The punishment is not hidden. It is visible, and the viewers are identified. The structure of the valley is positioned relative to paradise — they are near enough that the righteous have a sightline. This is not incidental. The text places the punishment in view of the reward deliberately. The righteous are not shielded from the spectacle. They are its audience. The architecture of the afterlife, in this passage, includes seating. The word the episode turns on is the verb behold. The righteous behold the cursed. The watching is part of the system, not an accident of geography. The punishment is designed to be witnessed, and the witnesses are identified as the righteous — the very people whose endurance and suffering entitled them to the opposite fate. Close on the adjacency. A valley of the cursed. A garden of the righteous. Both visible to each other. The text creates a geography where outcome and evidence share a border. Whether this is justice, cruelty, or architecture depends on the reader — but the text does not hide the arrangement. It describes it, names the audience, and leaves the question open.","","Long (15-20m)","Needs chapter check"
39,4,"The Book Of Enoch Says The Son Of Man Was Named Before The Sun Existed","The pre-existence of the Son of Man","In 1 Enoch 48, the Son of Man was named before the stars were made, hidden in the presence of the Most High before creation, and revealed only when needed — the title predates the universe.","1 Enoch 48 describes the naming of the Son of Man, and the timeline is explicit: Before the sun and the signs were created, before the stars of the heaven were made, his name was named before the Lord of Spirits. The figure existed — or at least was designated — before the physical universe. The naming precedes creation. The Son of Man is not a response to history. He is prior to it. The text says the Son of Man was concealed in the presence of the Most High before the world was made, and revealed to the elect. The concealment is not absence — the figure is present, but hidden. The revelation is not creation — the figure already exists, and is simply disclosed. The vocabulary throughout is archival: named, concealed, revealed. A file that existed before the archive was built, and was opened at a predetermined time. The word the episode turns on is named. Not created, not born, not fashioned — named. In the Semitic tradition, naming is a sovereign act that confers identity and function. To name something before the stars exist is to establish it as prior to the physical order. Close on the phrase before the sun. The text uses the most visible, most permanent object in the human sky as its benchmark and says the naming preceded it. Whether the reader connects this figure to 1 Enoch 71 (where Enoch himself is identified as the Son of Man) or to the Gospel usage or to neither, the claim in chapter 48 is self-contained: a name, spoken before the stars, held in concealment, revealed when needed. The name came first.","","Long (15-20m)","Needs chapter check"
40,4,"The Book Of Enoch Was Written By Someone Who Was Not Enoch — And That Makes It Stranger","Authorship, dating, and the Qumran evidence","The Book of Enoch was not written by Enoch — it is a composite text, assembled by multiple authors over centuries — and the Aramaic fragments at Qumran prove it is ancient, which makes the question of who wrote it, and why, the most honest question the channel can ask.","The honest episode. 1 Enoch is a pseudepigraphon — a text attributed to a figure who did not write it. Enoch, the seventh from Adam, did not sit down and compose 108 chapters in Aramaic. The text is composite: the Book of the Watchers (chapters 1-36) is among the oldest sections, datable to the third century BC. The Parables (chapters 37-71) may be first century BC or first century AD. The Book of the Heavenly Luminaries (chapters 72-82) may be even older than the Watchers. Multiple authors, multiple centuries, one attributed name. The Aramaic fragments at Qumran prove the antiquity. They do not prove divine authorship, Enochic authorship, or any other claim the text makes about itself. What they prove is that these chapters existed, in Aramaic, no later than the second century BC — and that they were important enough to be copied at least eleven times by a community that also kept the Hebrew Bible. The age is real. The attribution is literary convention. Both of these facts are part of the record. The question the episode poses is: why does this make the text stranger rather than less impressive? A single visionary author is easy to dismiss. A composite text assembled by multiple authors across centuries, each contributing to a coherent narrative world — the same Watchers, the same cosmology, the same vocabulary — is harder to explain. The authors did not know each other. They wrote in different periods. And yet the text holds together as a single work. The coherence is the mystery, not the authorship. Close on what the honest answer changes. Nothing in the previous thirty-nine episodes is affected by the authorship question. The text says what it says regardless of who wrote it. The question of authorship is not a debunking — it is the final layer of the archive. The text is old, it is composite, it is attributed to a man who did not write it, and it is still there. Close on the fragments under glass, still carrying a text that somebody wrote, and nobody signed.","","Long (15-20m)","Needs research"
